[
{
  "model": "admin.logentry",
  "pk": 1,
  "fields": {
    "action_time": "2026-01-02T22:31:07.879Z",
    "user": 1,
    "content_type": 8,
    "object_id": "4",
    "object_repr": "McCarann (Las Vegas city)",
    "action_flag": 1,
    "change_message": "[{\"added\": {}}]"
  }
},
{
  "model": "admin.logentry",
  "pk": 2,
  "fields": {
    "action_time": "2026-01-02T22:31:27.809Z",
    "user": 1,
    "content_type": 12,
    "object_id": "4",
    "object_repr": "McCarann (Las Vegas city) -> Borispol (Kiev city)",
    "action_flag": 1,
    "change_message": "[{\"added\": {}}]"
  }
},
{
  "model": "auth.permission",
  "pk": 1,
  "fields": {
    "name": "Can add log entry",
    "content_type": 1,
    "codename": "add_logentry"
  }
},
{
  "model": "auth.permission",
  "pk": 2,
  "fields": {
    "name": "Can change log entry",
    "content_type": 1,
    "codename": "change_logentry"
  }
},
{
  "model": "auth.permission",
  "pk": 3,
  "fields": {
    "name": "Can delete log entry",
    "content_type": 1,
    "codename": "delete_logentry"
  }
},
{
  "model": "auth.permission",
  "pk": 4,
  "fields": {
    "name": "Can view log entry",
    "content_type": 1,
    "codename": "view_logentry"
  }
},
{
  "model": "auth.permission",
  "pk": 5,
  "fields": {
    "name": "Can add permission",
    "content_type": 3,
    "codename": "add_permission"
  }
},
{
  "model": "auth.permission",
  "pk": 6,
  "fields": {
    "name": "Can change permission",
    "content_type": 3,
    "codename": "change_permission"
  }
},
{
  "model": "auth.permission",
  "pk": 7,
  "fields": {
    "name": "Can delete permission",
    "content_type": 3,
    "codename": "delete_permission"
  }
},
{
  "model": "auth.permission",
  "pk": 8,
  "fields": {
    "name": "Can view permission",
    "content_type": 3,
    "codename": "view_permission"
  }
},
{
  "model": "auth.permission",
  "pk": 9,
  "fields": {
    "name": "Can add group",
    "content_type": 2,
    "codename": "add_group"
  }
},
{
  "model": "auth.permission",
  "pk": 10,
  "fields": {
    "name": "Can change group",
    "content_type": 2,
    "codename": "change_group"
  }
},
{
  "model": "auth.permission",
  "pk": 11,
  "fields": {
    "name": "Can delete group",
    "content_type": 2,
    "codename": "delete_group"
  }
},
{
  "model": "auth.permission",
  "pk": 12,
  "fields": {
    "name": "Can view group",
    "content_type": 2,
    "codename": "view_group"
  }
},
{
  "model": "auth.permission",
  "pk": 13,
  "fields": {
    "name": "Can add content type",
    "content_type": 4,
    "codename": "add_contenttype"
  }
},
{
  "model": "auth.permission",
  "pk": 14,
  "fields": {
    "name": "Can change content type",
    "content_type": 4,
    "codename": "change_contenttype"
  }
},
{
  "model": "auth.permission",
  "pk": 15,
  "fields": {
    "name": "Can delete content type",
    "content_type": 4,
    "codename": "delete_contenttype"
  }
},
{
  "model": "auth.permission",
  "pk": 16,
  "fields": {
    "name": "Can view content type",
    "content_type": 4,
    "codename": "view_contenttype"
  }
},
{
  "model": "auth.permission",
  "pk": 17,
  "fields": {
    "name": "Can add session",
    "content_type": 5,
    "codename": "add_session"
  }
},
{
  "model": "auth.permission",
  "pk": 18,
  "fields": {
    "name": "Can change session",
    "content_type": 5,
    "codename": "change_session"
  }
},
{
  "model": "auth.permission",
  "pk": 19,
  "fields": {
    "name": "Can delete session",
    "content_type": 5,
    "codename": "delete_session"
  }
},
{
  "model": "auth.permission",
  "pk": 20,
  "fields": {
    "name": "Can view session",
    "content_type": 5,
    "codename": "view_session"
  }
},
{
  "model": "auth.permission",
  "pk": 21,
  "fields": {
    "name": "Can add airplane type",
    "content_type": 7,
    "codename": "add_airplanetype"
  }
},
{
  "model": "auth.permission",
  "pk": 22,
  "fields": {
    "name": "Can change airplane type",
    "content_type": 7,
    "codename": "change_airplanetype"
  }
},
{
  "model": "auth.permission",
  "pk": 23,
  "fields": {
    "name": "Can delete airplane type",
    "content_type": 7,
    "codename": "delete_airplanetype"
  }
},
{
  "model": "auth.permission",
  "pk": 24,
  "fields": {
    "name": "Can view airplane type",
    "content_type": 7,
    "codename": "view_airplanetype"
  }
},
{
  "model": "auth.permission",
  "pk": 25,
  "fields": {
    "name": "Can add crew",
    "content_type": 9,
    "codename": "add_crew"
  }
},
{
  "model": "auth.permission",
  "pk": 26,
  "fields": {
    "name": "Can change crew",
    "content_type": 9,
    "codename": "change_crew"
  }
},
{
  "model": "auth.permission",
  "pk": 27,
  "fields": {
    "name": "Can delete crew",
    "content_type": 9,
    "codename": "delete_crew"
  }
},
{
  "model": "auth.permission",
  "pk": 28,
  "fields": {
    "name": "Can view crew",
    "content_type": 9,
    "codename": "view_crew"
  }
},
{
  "model": "auth.permission",
  "pk": 29,
  "fields": {
    "name": "Can add airplane",
    "content_type": 6,
    "codename": "add_airplane"
  }
},
{
  "model": "auth.permission",
  "pk": 30,
  "fields": {
    "name": "Can change airplane",
    "content_type": 6,
    "codename": "change_airplane"
  }
},
{
  "model": "auth.permission",
  "pk": 31,
  "fields": {
    "name": "Can delete airplane",
    "content_type": 6,
    "codename": "delete_airplane"
  }
},
{
  "model": "auth.permission",
  "pk": 32,
  "fields": {
    "name": "Can view airplane",
    "content_type": 6,
    "codename": "view_airplane"
  }
},
{
  "model": "auth.permission",
  "pk": 33,
  "fields": {
    "name": "Can add airport",
    "content_type": 8,
    "codename": "add_airport"
  }
},
{
  "model": "auth.permission",
  "pk": 34,
  "fields": {
    "name": "Can change airport",
    "content_type": 8,
    "codename": "change_airport"
  }
},
{
  "model": "auth.permission",
  "pk": 35,
  "fields": {
    "name": "Can delete airport",
    "content_type": 8,
    "codename": "delete_airport"
  }
},
{
  "model": "auth.permission",
  "pk": 36,
  "fields": {
    "name": "Can view airport",
    "content_type": 8,
    "codename": "view_airport"
  }
},
{
  "model": "auth.permission",
  "pk": 37,
  "fields": {
    "name": "Can add order",
    "content_type": 11,
    "codename": "add_order"
  }
},
{
  "model": "auth.permission",
  "pk": 38,
  "fields": {
    "name": "Can change order",
    "content_type": 11,
    "codename": "change_order"
  }
},
{
  "model": "auth.permission",
  "pk": 39,
  "fields": {
    "name": "Can delete order",
    "content_type": 11,
    "codename": "delete_order"
  }
},
{
  "model": "auth.permission",
  "pk": 40,
  "fields": {
    "name": "Can view order",
    "content_type": 11,
    "codename": "view_order"
  }
},
{
  "model": "auth.permission",
  "pk": 41,
  "fields": {
    "name": "Can add route",
    "content_type": 12,
    "codename": "add_route"
  }
},
{
  "model": "auth.permission",
  "pk": 42,
  "fields": {
    "name": "Can change route",
    "content_type": 12,
    "codename": "change_route"
  }
},
{
  "model": "auth.permission",
  "pk": 43,
  "fields": {
    "name": "Can delete route",
    "content_type": 12,
    "codename": "delete_route"
  }
},
{
  "model": "auth.permission",
  "pk": 44,
  "fields": {
    "name": "Can view route",
    "content_type": 12,
    "codename": "view_route"
  }
},
{
  "model": "auth.permission",
  "pk": 45,
  "fields": {
    "name": "Can add flight",
    "content_type": 10,
    "codename": "add_flight"
  }
},
{
  "model": "auth.permission",
  "pk": 46,
  "fields": {
    "name": "Can change flight",
    "content_type": 10,
    "codename": "change_flight"
  }
},
{
  "model": "auth.permission",
  "pk": 47,
  "fields": {
    "name": "Can delete flight",
    "content_type": 10,
    "codename": "delete_flight"
  }
},
{
  "model": "auth.permission",
  "pk": 48,
  "fields": {
    "name": "Can view flight",
    "content_type": 10,
    "codename": "view_flight"
  }
},
{
  "model": "auth.permission",
  "pk": 49,
  "fields": {
    "name": "Can add ticket",
    "content_type": 13,
    "codename": "add_ticket"
  }
},
{
  "model": "auth.permission",
  "pk": 50,
  "fields": {
    "name": "Can change ticket",
    "content_type": 13,
    "codename": "change_ticket"
  }
},
{
  "model": "auth.permission",
  "pk": 51,
  "fields": {
    "name": "Can delete ticket",
    "content_type": 13,
    "codename": "delete_ticket"
  }
},
{
  "model": "auth.permission",
  "pk": 52,
  "fields": {
    "name": "Can view ticket",
    "content_type": 13,
    "codename": "view_ticket"
  }
},
{
  "model": "auth.permission",
  "pk": 53,
  "fields": {
    "name": "Can add user",
    "content_type": 14,
    "codename": "add_user"
  }
},
{
  "model": "auth.permission",
  "pk": 54,
  "fields": {
    "name": "Can change user",
    "content_type": 14,
    "codename": "change_user"
  }
},
{
  "model": "auth.permission",
  "pk": 55,
  "fields": {
    "name": "Can delete user",
    "content_type": 14,
    "codename": "delete_user"
  }
},
{
  "model": "auth.permission",
  "pk": 56,
  "fields": {
    "name": "Can view user",
    "content_type": 14,
    "codename": "view_user"
  }
},
{
  "model": "auth.permission",
  "pk": 57,
  "fields": {
    "name": "Can add Blacklisted Token",
    "content_type": 15,
    "codename": "add_blacklistedtoken"
  }
},
{
  "model": "auth.permission",
  "pk": 58,
  "fields": {
    "name": "Can change Blacklisted Token",
    "content_type": 15,
    "codename": "change_blacklistedtoken"
  }
},
{
  "model": "auth.permission",
  "pk": 59,
  "fields": {
    "name": "Can delete Blacklisted Token",
    "content_type": 15,
    "codename": "delete_blacklistedtoken"
  }
},
{
  "model": "auth.permission",
  "pk": 60,
  "fields": {
    "name": "Can view Blacklisted Token",
    "content_type": 15,
    "codename": "view_blacklistedtoken"
  }
},
{
  "model": "auth.permission",
  "pk": 61,
  "fields": {
    "name": "Can add Outstanding Token",
    "content_type": 16,
    "codename": "add_outstandingtoken"
  }
},
{
  "model": "auth.permission",
  "pk": 62,
  "fields": {
    "name": "Can change Outstanding Token",
    "content_type": 16,
    "codename": "change_outstandingtoken"
  }
},
{
  "model": "auth.permission",
  "pk": 63,
  "fields": {
    "name": "Can delete Outstanding Token",
    "content_type": 16,
    "codename": "delete_outstandingtoken"
  }
},
{
  "model": "auth.permission",
  "pk": 64,
  "fields": {
    "name": "Can view Outstanding Token",
    "content_type": 16,
    "codename": "view_outstandingtoken"
  }
},
{
  "model": "sessions.session",
  "pk": "t9saca4cz0j5akloe1x0pvqxu7y0p7yo",
  "fields": {
    "session_data": ".eJxVjDEOwjAMRe-SGUV2rSYNIztnqJzYJQWUSE07Ie4OlTrA-t97_2VG3tY8bk2XcRZzNmhOv1vk9NCyA7lzuVWbalmXOdpdsQdt9lpFn5fD_TvI3PK3doMT0ijODQAU2AcU1_WOVBQ9QMKJO-WeyMcUhoQIYWKPBD0HmNi8P824N2Y:1vc9ug:A6SkK1ubIXtSf9rdE7RtTUb4h5w3p4gWl0Rg3FVrzMg",
    "expire_date": "2026-01-17T22:15:58.509Z"
  }
},
{
  "model": "token_blacklist.outstandingtoken",
  "pk": 1,
  "fields": {
    "user": 1,
    "jti": "55c8bd106ef241f79e63bc1a7e66f6b1",
    "token": "eyJhbGciOiJIUzI1NiIsInR5cCI6IkpXVCJ9.eyJ0b2tlbl90eXBlIjoicmVmcmVzaCIsImV4cCI6MTc2ODU4NTc5OSwiaWF0IjoxNzY3OTgwOTk5LCJqdGkiOiI1NWM4YmQxMDZlZjI0MWY3OWU2M2JjMWE3ZTY2ZjZiMSIsInVzZXJfaWQiOiIxIn0.O1VXPMuJ3GDO3pu1rSjJhGbWpn_fP737gWwXwaSmus4",
    "created_at": "2026-01-09T17:49:59.869Z",
    "expires_at": "2026-01-09T17:49:59Z"
  }
},
{
  "model": "token_blacklist.outstandingtoken",
  "pk": 2,
  "fields": {
    "user": 1,
    "jti": "6cba8029c26445539681ed55637074e9",
    "token": "eyJhbGciOiJIUzI1NiIsInR5cCI6IkpXVCJ9.eyJ0b2tlbl90eXBlIjoicmVmcmVzaCIsImV4cCI6MTc2ODU4NjMzOSwiaWF0IjoxNzY3OTgxNTM5LCJqdGkiOiI2Y2JhODAyOWMyNjQ0NTUzOTY4MWVkNTU2MzcwNzRlOSIsInVzZXJfaWQiOiIxIn0.f8qzAZCh-O2CZW-B6OtGz_INq6Z-jarr_rBOkfiMbEM",
    "created_at": "2026-01-09T17:58:59.330Z",
    "expires_at": "2026-01-09T17:58:59Z"
  }
},
{
  "model": "token_blacklist.outstandingtoken",
  "pk": 3,
  "fields": {
    "user": 1,
    "jti": "93da71a73d0246da8cb2be4aecddbdd9",
    "token": "eyJhbGciOiJIUzI1NiIsInR5cCI6IkpXVCJ9.eyJ0b2tlbl90eXBlIjoicmVmcmVzaCIsImV4cCI6MTc2ODU4Njc5MiwiaWF0IjoxNzY3OTgxOTkyLCJqdGkiOiI5M2RhNzFhNzNkMDI0NmRhOGNiMmJlNGFlY2RkYmRkOSIsInVzZXJfaWQiOiIxIn0.pKTYm8h45ThpacDtezWX08h9D63wNKoPhPJGa3cA3ek",
    "created_at": "2026-01-09T18:06:32.766Z",
    "expires_at": "2026-01-16T18:06:32Z"
  }
},
{
  "model": "token_blacklist.outstandingtoken",
  "pk": 4,
  "fields": {
    "user": 1,
    "jti": "d65cd2c24a9648d594cb062514ed2a16",
    "token": "eyJhbGciOiJIUzI1NiIsInR5cCI6IkpXVCJ9.eyJ0b2tlbl90eXBlIjoicmVmcmVzaCIsImV4cCI6MTc2ODU4Njg2OSwiaWF0IjoxNzY3OTgyMDY5LCJqdGkiOiJkNjVjZDJjMjRhOTY0OGQ1OTRjYjA2MjUxNGVkMmExNiIsInVzZXJfaWQiOiIxIn0.i5Hfsb3DJOBVqktFOWmSXBGPP_PyL67ex6UAMJL9NpA",
    "created_at": "2026-01-09T18:07:49.548Z",
    "expires_at": "2026-01-16T18:07:49Z"
  }
},
{
  "model": "token_blacklist.outstandingtoken",
  "pk": 5,
  "fields": {
    "user": 1,
    "jti": "cd23d1e123ac48409b29a2f87882b0d5",
    "token": "eyJhbGciOiJIUzI1NiIsInR5cCI6IkpXVCJ9.eyJ0b2tlbl90eXBlIjoicmVmcmVzaCIsImV4cCI6MTc2ODU4ODg4NCwiaWF0IjoxNzY3OTg0MDg0LCJqdGkiOiJjZDIzZDFlMTIzYWM0ODQwOWIyOWEyZjg3ODgyYjBkNSIsInVzZXJfaWQiOiIxIn0.ByYuf4uw4QjYUwnMdAOkjIOKXpq1UxRmjVPrf5iCjwg",
    "created_at": "2026-01-09T18:41:24.159Z",
    "expires_at": "2026-01-16T18:41:24Z"
  }
},
{
  "model": "token_blacklist.outstandingtoken",
  "pk": 6,
  "fields": {
    "user": 1,
    "jti": "1b86693265c446d7bd7182a52fff7141",
    "token": "eyJhbGciOiJIUzI1NiIsInR5cCI6IkpXVCJ9.eyJ0b2tlbl90eXBlIjoicmVmcmVzaCIsImV4cCI6MTc2ODU4OTU0MCwiaWF0IjoxNzY3OTg0NzQwLCJqdGkiOiIxYjg2NjkzMjY1YzQ0NmQ3YmQ3MTgyYTUyZmZmNzE0MSIsInVzZXJfaWQiOiIxIn0.yKPVUtT6QBo46Zq93ipIXby0LtO9CDRe35VACq4-z-g",
    "created_at": "2026-01-09T18:52:20.564Z",
    "expires_at": "2026-01-16T18:52:20Z"
  }
},
{
  "model": "token_blacklist.outstandingtoken",
  "pk": 7,
  "fields": {
    "user": 1,
    "jti": "dbeeb1164565495d8d4f40ab62a361df",
    "token": "eyJhbGciOiJIUzI1NiIsInR5cCI6IkpXVCJ9.eyJ0b2tlbl90eXBlIjoicmVmcmVzaCIsImV4cCI6MTc2ODU5MzQwNSwiaWF0IjoxNzY3OTg4NjA1LCJqdGkiOiJkYmVlYjExNjQ1NjU0OTVkOGQ0ZjQwYWI2MmEzNjFkZiIsInVzZXJfaWQiOiIxIn0.WNV9SoNYgGIalqauFKl-l-PODuT3VnT9TF9OPydmScE",
    "created_at": "2026-01-09T19:56:45.261Z",
    "expires_at": "2026-01-16T19:56:45Z"
  }
},
{
  "model": "token_blacklist.blacklistedtoken",
  "pk": 1,
  "fields": {
    "token": 1,
    "blacklisted_at": "2026-01-09T18:44:44.538Z"
  }
},
{
  "model": "token_blacklist.blacklistedtoken",
  "pk": 2,
  "fields": {
    "token": 2,
    "blacklisted_at": "2026-01-09T18:44:44.539Z"
  }
},
{
  "model": "token_blacklist.blacklistedtoken",
  "pk": 3,
  "fields": {
    "token": 3,
    "blacklisted_at": "2026-01-09T18:44:44.539Z"
  }
},
{
  "model": "token_blacklist.blacklistedtoken",
  "pk": 4,
  "fields": {
    "token": 4,
    "blacklisted_at": "2026-01-09T18:44:44.540Z"
  }
},
{
  "model": "token_blacklist.blacklistedtoken",
  "pk": 5,
  "fields": {
    "token": 5,
    "blacklisted_at": "2026-01-09T18:44:44.541Z"
  }
},
{
  "model": "airport.crew",
  "pk": 1,
  "fields": {
    "first_name": "Sanya",
    "last_name": "Rofler"
  }
},
{
  "model": "airport.crew",
  "pk": 2,
  "fields": {
    "first_name": "Super",
    "last_name": "Maaaan"
  }
},
{
  "model": "airport.crew",
  "pk": 3,
  "fields": {
    "first_name": "Power",
    "last_name": "Girl"
  }
},
{
  "model": "airport.crew",
  "pk": 4,
  "fields": {
    "first_name": "Eliajah",
    "last_name": "Mad"
  }
},
{
  "model": "airport.airport",
  "pk": 1,
  "fields": {
    "name": "Borispol",
    "closest_city": "Kiev"
  }
},
{
  "model": "airport.airport",
  "pk": 2,
  "fields": {
    "name": "Lviv",
    "closest_city": "Lviv"
  }
},
{
  "model": "airport.airport",
  "pk": 3,
  "fields": {
    "name": "Juliany",
    "closest_city": "Kiev"
  }
},
{
  "model": "airport.airport",
  "pk": 4,
  "fields": {
    "name": "McCarann",
    "closest_city": "Las Vegas"
  }
},
{
  "model": "airport.route",
  "pk": 1,
  "fields": {
    "source": 1,
    "destination": 2,
    "distance": 600
  }
},
{
  "model": "airport.route",
  "pk": 2,
  "fields": {
    "source": 2,
    "destination": 1,
    "distance": 600
  }
},
{
  "model": "airport.route",
  "pk": 3,
  "fields": {
    "source": 1,
    "destination": 3,
    "distance": 50
  }
},
{
  "model": "airport.route",
  "pk": 4,
  "fields": {
    "source": 4,
    "destination": 1,
    "distance": 3000
  }
},
{
  "model": "airport.airplanetype",
  "pk": 1,
  "fields": {
    "name": "Cessna",
    "image": ""
  }
},
{
  "model": "airport.airplane",
  "pk": 1,
  "fields": {
    "name": "FF 5643 GFX",
    "rows": 2,
    "seats_in_row": 10,
    "airplane_type": 1
  }
},
{
  "model": "airport.airplane",
  "pk": 2,
  "fields": {
    "name": "DF 8548 RDX",
    "rows": 2,
    "seats_in_row": 8,
    "airplane_type": 1
  }
},
{
  "model": "airport.flight",
  "pk": 1,
  "fields": {
    "route": 1,
    "airplane": 2,
    "departure_time": "2025-12-24T14:20:00Z",
    "arrival_time": "2025-12-26T14:20:00Z",
    "crew": [
      3,
      2
    ]
  }
},
{
  "model": "airport.flight",
  "pk": 2,
  "fields": {
    "route": 2,
    "airplane": 1,
    "departure_time": "2025-12-25T15:32:00Z",
    "arrival_time": "2025-12-26T15:32:00Z",
    "crew": [
      1
    ]
  }
},
{
  "model": "airport.flight",
  "pk": 3,
  "fields": {
    "route": 3,
    "airplane": 1,
    "departure_time": "2025-12-10T15:44:00Z",
    "arrival_time": "2025-12-11T15:44:00Z",
    "crew": [
      3,
      1,
      2
    ]
  }
},
{
  "model": "airport.flight",
  "pk": 4,
  "fields": {
    "route": 2,
    "airplane": 2,
    "departure_time": "2025-12-01T15:45:00Z",
    "arrival_time": "2025-12-03T15:45:00Z",
    "crew": [
      3,
      1
    ]
  }
},
{
  "model": "airport.flight",
  "pk": 5,
  "fields": {
    "route": 3,
    "airplane": 2,
    "departure_time": "2026-01-01T23:53:00Z",
    "arrival_time": "2026-01-03T23:53:00Z",
    "crew": [
      4
    ]
  }
},
{
  "model": "airport.order",
  "pk": 1,
  "fields": {
    "created_at": "2025-12-30T19:45:10.551Z",
    "user": 1
  }
},
{
  "model": "airport.order",
  "pk": 2,
  "fields": {
    "created_at": "2025-12-30T20:03:11.010Z",
    "user": 1
  }
},
{
  "model": "airport.order",
  "pk": 3,
  "fields": {
    "created_at": "2025-12-30T20:06:26.514Z",
    "user": 1
  }
},
{
  "model": "airport.order",
  "pk": 4,
  "fields": {
    "created_at": "2025-12-30T20:12:19.286Z",
    "user": 1
  }
},
{
  "model": "airport.ticket",
  "pk": 1,
  "fields": {
    "row": 1,
    "seat": 1,
    "flight": 4,
    "order": 1
  }
},
{
  "model": "airport.ticket",
  "pk": 2,
  "fields": {
    "row": 2,
    "seat": 1,
    "flight": 4,
    "order": 2
  }
},
{
  "model": "airport.ticket",
  "pk": 3,
  "fields": {
    "row": 2,
    "seat": 2,
    "flight": 4,
    "order": 3
  }
},
{
  "model": "airport.ticket",
  "pk": 4,
  "fields": {
    "row": 1,
    "seat": 3,
    "flight": 1,
    "order": 4
  }
},
{
  "model": "airport.ticket",
  "pk": 5,
  "fields": {
    "row": 1,
    "seat": 3,
    "flight": 2,
    "order": 4
  }
},
{
  "model": "airport.ticket",
  "pk": 6,
  "fields": {
    "row": 1,
    "seat": 3,
    "flight": 3,
    "order": 4
  }
},
{
  "model": "airport.ticket",
  "pk": 7,
  "fields": {
    "row": 1,
    "seat": 3,
    "flight": 4,
    "order": 4
  }
},
{
  "model": "user.user",
  "pk": 1,
  "fields": {
    "password": "pbkdf2_sha256$1200000$YDytigknXZFVsXiYKJg23c$pJUf32ekcH1Odmytzmb7WE7eHWJr2XiI429FwnKS3U0=",
    "last_login": "2026-01-03T22:15:58.503Z",
    "is_superuser": true,
    "first_name": "",
    "last_name": "",
    "is_staff": true,
    "is_active": true,
    "date_joined": "2025-12-29T17:17:26.506Z",
    "email": "admin@admin",
    "token_version": 1,
    "groups": [],
    "user_permissions": []
  }
},
{
  "model": "user.user",
  "pk": 2,
  "fields": {
    "password": "pbkdf2_sha256$1200000$zvOY19wHkYJJnFBb8YyHfh$D8pZes0lBZ1rsPeVe/OWPjMoIgy88ztVYhHfEeqJS1w=",
    "last_login": null,
    "is_superuser": false,
    "first_name": "",
    "last_name": "",
    "is_staff": false,
    "is_active": true,
    "date_joined": "2026-01-03T22:13:35.695Z",
    "email": "user@user",
    "token_version": 0,
    "groups": [],
    "user_permissions": []
  }
}
]
